[{"pos_x": 163.481551, "pos_y": -78.100872, "rotation": 0.0, "side": "top", "designator": "D1", "mpn": null, "pack": "D_DO-41_SOD81_P10.16mm_Horizontal", "value": "1N5817", "mount_type": "tht", "place": true}, {"pos_x": 171.376915, "pos_y": -67.848426, "rotation": 0.0, "side": "top", "designator": "C5", "mpn": null, "pack": "CP_Radial_D8.0mm_P5.00mm", "value": "120uF", "mount_type": "tht", "place": true}, {"pos_x": 160.878104, "pos_y": -70.559999, "rotation": 0.0, "side": "top", "designator": "R2", "mpn": null, "pack": "R_Axial_DIN0207_L6.3mm_D2.5mm_P2.54mm_Vertical", "value": "1k", "mount_type": "tht", "place": true}, {"pos_x": 176.855208, "pos_y": -80.35277, "rotation": 180.0, "side": "top", "designator": "J1", "mpn": null, "pack": "PinHeader_1x03_P2.54mm_Vertical", "value": "Conn_01x03", "mount_type": "tht", "place": true}, {"pos_x": 177.322931, "pos_y": -91.4247, "rotation": 180.0, "side": "top", "designator": "L1", "mpn": null, "pack": "L_Axial_L9.5mm_D4.0mm_P15.24mm_Horizontal_Fastron_SMCC", "value": "150mH", "mount_type": "tht", "place": true}, {"pos_x": 162.966823, "pos_y": -73.632401, "rotation": 180.0, "side": "top", "designator": "R3", "mpn": null, "pack": "R_Axial_DIN0207_L6.3mm_D2.5mm_P2.54mm_Vertical", "value": "6.2k", "mount_type": "tht", "place": true}, {"pos_x": 161.83979, "pos_y": -86.875088, "rotation": 90.0, "side": "top", "designator": "C2", "mpn": null, "pack": "C_0603_1608Metric_Pad1.08x0.95mm_HandSolder", "value": "0.1uF", "mount_type": "smt", "place": true}, {"pos_x": 167.586831, "pos_y": -84.902863, "rotation": 0.0, "side": "top", "designator": "IC1", "mpn": null, "pack": "SOIC127P600X175-8N", "value": "LM2597MX-ADJ_NOPB", "mount_type": "smt", "place": true}, {"pos_x": 161.916011, "pos_y": -81.436855, "rotation": -90.0, "side": "top", "designator": "R1", "mpn": null, "pack": "R_Axial_DIN0207_L6.3mm_D2.5mm_P2.54mm_Vertical", "value": "4.7k", "mount_type": "tht", "place": true}, {"pos_x": 165.038265, "pos_y": -66.577536, "rotation": 0.0, "side": "top", "designator": "C4", "mpn": null, "pack": "CP_Radial_D5.0mm_P2.50mm", "value": "68uF", "mount_type": "tht", "place": true}, {"pos_x": 167.502062, "pos_y": -84.246054, "rotation": 0.0, "side": "bottom", "designator": "C1", "mpn": null, "pack": "C_0603_1608Metric_Pad1.08x0.95mm_HandSolder", "value": "0.1uF", "mount_type": "smt", "place": true}, {"pos_x": 171.893108, "pos_y": -86.393057, "rotation": 90.0, "side": "bottom", "designator": "C3", "mpn": null, "pack": "C_0603_1608Metric_Pad1.08x0.95mm_HandSolder", "value": "0.1uF", "mount_type": "smt", "place": true}]