[{"pos_x": 153.849992, "pos_y": -100.503564, "rotation": 0.0, "side": "top", "designator": "IC1", "mpn": null, "pack": "SOIC127P600X175-8N", "value": "LM2597MX-5.0_NOPB", "mount_type": "smt", "place": true}, {"pos_x": 161.334161, "pos_y": -107.019396, "rotation": 180.0, "side": "top", "designator": "L1", "mpn": null, "pack": "L_Axial_L6.6mm_D2.7mm_P10.16mm_Horizontal_Vishay_IM-2", "value": "150uH", "mount_type": "tht", "place": true}, {"pos_x": 149.579492, "pos_y": -91.907963, "rotation": 0.0, "side": "top", "designator": "D1", "mpn": null, "pack": "D_DO-41_SOD81_P10.16mm_Horizontal", "value": "1N5817", "mount_type": "tht", "place": true}, {"pos_x": 147.766141, "pos_y": -97.044385, "rotation": -90.0, "side": "top", "designator": "R1", "mpn": null, "pack": "R_Axial_DIN0207_L6.3mm_D2.5mm_P5.08mm_Vertical", "value": "10k", "mount_type": "tht", "place": true}, {"pos_x": 159.810912, "pos_y": -86.476788, "rotation": 90.0, "side": "top", "designator": "C4", "mpn": null, "pack": "CP_Radial_D8.0mm_P3.50mm", "value": "120uF", "mount_type": "tht", "place": true}, {"pos_x": 150.853605, "pos_y": -86.476788, "rotation": 90.0, "side": "top", "designator": "C3", "mpn": null, "pack": "CP_Radial_D8.0mm_P3.50mm", "value": "68uF", "mount_type": "tht", "place": true}, {"pos_x": 163.118369, "pos_y": -97.073471, "rotation": 180.0, "side": "top", "designator": "J1", "mpn": null, "pack": "PinHeader_1x03_P2.54mm_Vertical", "value": "Conn_01x03", "mount_type": "tht", "place": true}, {"pos_x": 158.921252, "pos_y": -101.555181, "rotation": 90.0, "side": "bottom", "designator": "C2", "mpn": null, "pack": "C_0603_1608Metric_Pad1.08x0.95mm_HandSolder", "value": "0.1uF", "mount_type": "smt", "place": true}, {"pos_x": 148.4157, "pos_y": -99.878808, "rotation": 180.0, "side": "bottom", "designator": "C1", "mpn": null, "pack": "C_0603_1608Metric_Pad1.08x0.95mm_HandSolder", "value": "0.1uF", "mount_type": "smt", "place": true}]